--------------------------------------------------------
-- Archivo creado  - domingo-abril-24-2022   
--------------------------------------------------------
--------------------------------------------------------
--  DDL for Table CLIENTE
--------------------------------------------------------

  CREATE TABLE "ADMIN"."CLIENTE" 
   (	"ID" NUMBER(9,0), 
	"NOMBRE" VARCHAR2(50 BYTE), 
	"DNI" VARCHAR2(9 BYTE)
   ) SEGMENT CREATION IMMEDIATE 
  PCTFREE 10 PCTUSED 40 INITRANS 1 MAXTRANS 255 
 NOCOMPRESS LOGGING
  STORAGE(INITIAL 65536 NEXT 1048576 MINEXTENTS 1 MAXEXTENTS 2147483645
  PCTINCREASE 0 FREELISTS 1 FREELIST GROUPS 1
  BUFFER_POOL DEFAULT FLASH_CACHE DEFAULT CELL_FLASH_CACHE DEFAULT)
  TABLESPACE "USERS" ;
--------------------------------------------------------
--  DDL for Table PEDIDO
--------------------------------------------------------

  CREATE TABLE "ADMIN"."PEDIDO" 
   (	"ID" NUMBER(9,0), 
	"COD" NUMBER(9,0), 
	"COSTOFINAL" NUMBER(9,0)
   ) SEGMENT CREATION IMMEDIATE 
  PCTFREE 10 PCTUSED 40 INITRANS 1 MAXTRANS 255 
 NOCOMPRESS LOGGING
  STORAGE(INITIAL 65536 NEXT 1048576 MINEXTENTS 1 MAXEXTENTS 2147483645
  PCTINCREASE 0 FREELISTS 1 FREELIST GROUPS 1
  BUFFER_POOL DEFAULT FLASH_CACHE DEFAULT CELL_FLASH_CACHE DEFAULT)
  TABLESPACE "USERS" ;
--------------------------------------------------------
--  DDL for Table PRODUCTO
--------------------------------------------------------

  CREATE TABLE "ADMIN"."PRODUCTO" 
   (	"COD" NUMBER(9,0), 
	"NOMBRE" VARCHAR2(50 BYTE), 
	"COSTO" NUMBER(9,0)
   ) SEGMENT CREATION IMMEDIATE 
  PCTFREE 10 PCTUSED 40 INITRANS 1 MAXTRANS 255 
 NOCOMPRESS LOGGING
  STORAGE(INITIAL 65536 NEXT 1048576 MINEXTENTS 1 MAXEXTENTS 2147483645
  PCTINCREASE 0 FREELISTS 1 FREELIST GROUPS 1
  BUFFER_POOL DEFAULT FLASH_CACHE DEFAULT CELL_FLASH_CACHE DEFAULT)
  TABLESPACE "USERS" ;
REM INSERTING into ADMIN.CLIENTE
SET DEFINE OFF;
Insert into ADMIN.CLIENTE (ID,NOMBRE,DNI) values ('1','Antonio Arjona','34567843');
Insert into ADMIN.CLIENTE (ID,NOMBRE,DNI) values ('2','Antony Rojas','83720198');
Insert into ADMIN.CLIENTE (ID,NOMBRE,DNI) values ('3','Roger galez','76859809');
Insert into ADMIN.CLIENTE (ID,NOMBRE,DNI) values ('4','Juana Montalvo','67859678');
Insert into ADMIN.CLIENTE (ID,NOMBRE,DNI) values ('5','Leo Soles','25327689');
REM INSERTING into ADMIN.PEDIDO
SET DEFINE OFF;
Insert into ADMIN.PEDIDO (ID,COD,COSTOFINAL) values ('2','4','10');
Insert into ADMIN.PEDIDO (ID,COD,COSTOFINAL) values ('2','4','10');
Insert into ADMIN.PEDIDO (ID,COD,COSTOFINAL) values ('5','3','8');
Insert into ADMIN.PEDIDO (ID,COD,COSTOFINAL) values ('5','5','7');
Insert into ADMIN.PEDIDO (ID,COD,COSTOFINAL) values ('1','1','6');
REM INSERTING into ADMIN.PRODUCTO
SET DEFINE OFF;
Insert into ADMIN.PRODUCTO (COD,NOMBRE,COSTO) values ('1','Sedal','10');
Insert into ADMIN.PRODUCTO (COD,NOMBRE,COSTO) values ('2','Headshoulder','12');
Insert into ADMIN.PRODUCTO (COD,NOMBRE,COSTO) values ('3','Cocacola','5');
Insert into ADMIN.PRODUCTO (COD,NOMBRE,COSTO) values ('4','Fanta','4');
Insert into ADMIN.PRODUCTO (COD,NOMBRE,COSTO) values ('5','Donofrio','4');
--------------------------------------------------------
--  Constraints for Table CLIENTE
--------------------------------------------------------

  ALTER TABLE "ADMIN"."CLIENTE" MODIFY ("NOMBRE" NOT NULL ENABLE);
  ALTER TABLE "ADMIN"."CLIENTE" MODIFY ("DNI" NOT NULL ENABLE);
  ALTER TABLE "ADMIN"."CLIENTE" ADD PRIMARY KEY ("ID")
  USING INDEX PCTFREE 10 INITRANS 2 MAXTRANS 255 
  STORAGE(INITIAL 65536 NEXT 1048576 MINEXTENTS 1 MAXEXTENTS 2147483645
  PCTINCREASE 0 FREELISTS 1 FREELIST GROUPS 1
  BUFFER_POOL DEFAULT FLASH_CACHE DEFAULT CELL_FLASH_CACHE DEFAULT)
  TABLESPACE "USERS"  ENABLE;
  ALTER TABLE "ADMIN"."CLIENTE" ADD UNIQUE ("DNI")
  USING INDEX PCTFREE 10 INITRANS 2 MAXTRANS 255 
  STORAGE(INITIAL 65536 NEXT 1048576 MINEXTENTS 1 MAXEXTENTS 2147483645
  PCTINCREASE 0 FREELISTS 1 FREELIST GROUPS 1
  BUFFER_POOL DEFAULT FLASH_CACHE DEFAULT CELL_FLASH_CACHE DEFAULT)
  TABLESPACE "USERS"  ENABLE;
--------------------------------------------------------
--  Constraints for Table PRODUCTO
--------------------------------------------------------

  ALTER TABLE "ADMIN"."PRODUCTO" MODIFY ("NOMBRE" NOT NULL ENABLE);
  ALTER TABLE "ADMIN"."PRODUCTO" MODIFY ("COSTO" NOT NULL ENABLE);
  ALTER TABLE "ADMIN"."PRODUCTO" ADD PRIMARY KEY ("COD")
  USING INDEX PCTFREE 10 INITRANS 2 MAXTRANS 255 
  STORAGE(INITIAL 65536 NEXT 1048576 MINEXTENTS 1 MAXEXTENTS 2147483645
  PCTINCREASE 0 FREELISTS 1 FREELIST GROUPS 1
  BUFFER_POOL DEFAULT FLASH_CACHE DEFAULT CELL_FLASH_CACHE DEFAULT)
  TABLESPACE "USERS"  ENABLE;
--------------------------------------------------------
--  Constraints for Table PEDIDO
--------------------------------------------------------

  ALTER TABLE "ADMIN"."PEDIDO" MODIFY ("ID" NOT NULL ENABLE);
  ALTER TABLE "ADMIN"."PEDIDO" MODIFY ("COD" NOT NULL ENABLE);
  ALTER TABLE "ADMIN"."PEDIDO" MODIFY ("COSTOFINAL" NOT NULL ENABLE);
--------------------------------------------------------
--  Ref Constraints for Table PEDIDO
--------------------------------------------------------

  ALTER TABLE "ADMIN"."PEDIDO" ADD FOREIGN KEY ("ID")
	  REFERENCES "ADMIN"."CLIENTE" ("ID") ENABLE;
  ALTER TABLE "ADMIN"."PEDIDO" ADD FOREIGN KEY ("COD")
	  REFERENCES "ADMIN"."PRODUCTO" ("COD") ENABLE;
